#set_width(40),20,30,30,30,30,20,20,20,20,20,20,20,
# Do not change the Green Color,
#this is update time of  header each file.,
#set_color(lightgreen),
[HEADER]Author,
DCV-Toy24DCM-RS@lge.com,


#this is a single variable not hash.  +<+$VARIABLE{Date}+>+,
#this is update time of  header each file.,
#set_color(lightgreen),lightgreen,
[VARIABLE]Version,3.0.00,
[VARIABLE]Date,2020.12.11,
[VARIABLE]CGA_RDL_Version,v1.0.4,,# support sldd,
[VARIABLE]Excel_Version,v2.9.8,,# it is related to the verion of excel_version file.,,# add asyncHandler column & [HEADER]no_tidl_receiver_XXX & [HEADER]no_tidl_callback__XXX_BnXXX_,,,# 2020.05.18,
[VARIABLE]git,git://vgit.lge.com:29420/tiger/services/onboardclient,,,,#(red) change into your git address : it is mendatory,
[VARIABLE]protocol,,,,,"# ""http"" if you use mod.lge.com/hub as git instread of vgit",
#set_color(lightgreen),white,
[VARIABLE]debug,ON,,,,"# if ON , debug print code will be added.  (default : OFF)",

[VARIABLE]Module_Name,onboardclient,
#set_color(white),white,
[HEADER]Module_Name,Description,
onboardclient,OnboardClient service manager,

#set_color(lightgreen),white,
[VARIABLE]testScript,FALSE,
[VARIABLE]App_Tidl,FALSE,
[VARIABLE]needsAppManager,TRUE,
[VARIABLE]overlayRepo,

[HEADER]overlay,src,dest,destHeaderInclude,headerIncludeName,






,,,,,#default : name+Len if type uint8_t*,,,,,,,#default : synchronous call,
#set_color(white),
# this is comments.  (1_excel.pl ignores this row as comments when starts with #.),,,,,,# optional argument,#argument description,#api description,,#in/out,# for UTS (argument count),#async on handler,
[HEADER]API,[HEADER]Order,name,type,init,Len,isOptArg,Description,apiDescription,mode,inOut,utsArgCount,asyncHandler,returnType,defaultReturnValue,
sendUdsData,1,connectId,uint16_t,,,,connectID,send UDS request,Normal,in,2,,uint8_t,
sendUdsData,2,udsRequest,android::sp<Buffer>,,,,UDS request,send UDS request,Normal,in,,,uint8_t,

















# class name,
[HEADER]xxClass,description,
OBCResponseEventInfo,
OBCUDSResInfo,
OBCCanInfo,
OBCTransportInfo,


[HEADER]OBCResponseEventInfo,name,type,init,Len,Description,AutoLenUse,existLen,
1,errCode,uint8_t,,,error type,
2,resInfo,OBCUDSResInfo,,,Response Information,

[HEADER]OBCUDSResInfo,name,type,init,Len,Description,AutoLenUse,existLen,
1,protocolType,uint8_t,,,protocol type,
2,canInfo,OBCCanInfo,,,CAN address information ,
3,connectId,uint16_t ,,,connection identifier,
4,responseType,uint8_t,,,UDS Response,
5,udsData,android::sp<Buffer>,,,UDS Response,

[HEADER]OBCCanInfo,name,type,init,Len,Description,AutoLenUse,existLen,
1,canId,uint32_t ,,,Can ID,
2,nTa,android::sp<Buffer>,,,N_TA,

[HEADER]OBCTransportInfo,name,type,init,Len,Description,AutoLenUse,existLen,
1,protocolType,uint8_t,,,protocol type,
2,canInfo,OBCCanInfo,,,CAN address information ,
3,udsResTimeout,uint16_t,,,Response timeout for UDS request ,
# enum class name,#default : int32_t,
[HEADER]xxEnum,type,description,
OBCErrCode,uint8_t,
OBCProtocolType,uint8_t,
OBCPriorityType ,uint8_t,
OBCUdsResponseType,uint8_t,


[HEADER]OBCErrCode,name,value,description,IsOn,
1,OBC_OK,0,normal response,O,
2,OBC_NEGATIVE ,1,negative response,O,
3,OBC_TIMEOUT ,2,time-out,O,
4,OBC_ERR_FAILED,3,Other errors,O,
5,OBC_ERR_INVALID_PARAMETERS ,4,parameter error,O,
6,OBC_ERR_NOT_CONNECTED ,5,Unconnected,O,
7,OBC_ERR_SEND_UDS_DATA ,6,transmission error,O,
8,OBC_ERR_NOT_DISCONNECTED ,7,disconnection error,O,
9,OBC_ERR_NOT_SUPPORTED ,8,Unsupported,O,
10,OBC_ERR_BUSY ,9,Busy status (OBC/IP and CAN Client are busy),O,
11,OBC_ERR_CONNECTED_MAX ,10,number of connections error,O,
12,OBC_ERR_USED ,11,In-use state (processing high priority),O,
13,OBC_ERR_UDS_CANCEL_PRIORITY,12,UDS request aborted (high priority processing interrupt),O,
14,OBC_ERR_DISCONNECTED_PRIORITY,13,Interrupt disconnect (high priority processing interrupt),O,

[HEADER]OBCProtocolType,name,value,description,IsOn,
1,UNKNOWN ,0,unknow,O,
2,DOCAN ,1,DoCAN (11-bit standard CAN-ID),O,
3,DOCAN29BIT ,2,DoCAN (29-bit CAN-ID),O,
4,DOCAN11BITEX ,3,DoCAN (11-bit extended CAN-ID),O,
5,DOCAN29BITCANFD ,6,DoCAN (29-bit CAN-ID (CANFD)),O,

[HEADER]OBCPriorityType ,name,value,description,IsOn,
1,NONE ,0,unset,O,
2,LOW ,1,Low Priority,O,
3,MIDDLE ,2,Medium Priority,O,
4,HIGH ,3,High priority,O,

[HEADER]OBCUdsResponseType,name,value,description,IsOn,
1,UNKOWN ,0,Unknown response,O,
2,NORMAL ,1,Normal response,O,
3,PERIODEC ,2,Periodic data response,O,
4,EVENT ,3,Event response,O,


,,,,#default : name+Len if type uint8_t*,,#default:Auto,#Len variable name when AutoLenUse is X,

,,,,#default : name+Len if type uint8_t*,,#default:Auto,#Len variable name when AutoLenUse is X,

# you should transfer the length with value.,
#This is DID enum values for this manager. in case of diag , it will have more than 400 DIDs.,

[HEADER]receiver_name,
OnboardClientReceiver,




# receiver_function has one of receiver_name,# pure virtual function (callback function name),# argument order,# argument name,# argument type,# initialization value,"# if type is uint8_t*, this is buffer size.",#argument description,# pure virtual function's description,,"# in : set variable
# out : get value
# in,out : set/get value",# key for mapping between event and condition,# register funciton's arguments,# callback function's arguments,# callback function's return type (it will be returned after running callback to service),
# this is comments.  (1_excel.pl ignores this row as comments when starts with #.),,,,,,,,,,#in/out,#default : noKey to map,,#default:X,
[HEADER]receiver_function,[HEADER]pure_virtual,[HEADER]order,name,type,init,Len,Description,apiDescription,mode,inOut,isRegiKey,isRegiArg,isCbArg,return,defaultReturnValue,
OnboardClientReceiver,onResponseEvent ,1,message,OBCResponseEventInfo,,,Response Information,Notify UDS response,Privileged,in,,,O,void,
OnboardClientReceiver,onNotifyOBD2Event,1,,,,,,Wired connection detection notification event,Privileged,in,,,O,void,







#set_color(lightgreen),lightgreen,lightgreen,lightgreen,lightgreen,lightgreen,lightgreen,
[HEADER]ArgType1,read,write,argument,Description,slddType,printType,
uint64_t,readUint64,writeUint64,,,Uint,%d,
int64_t,readInt64,writeInt64,,,Int,%d,
uint32_t,readUint32,writeUint32,,,Uint,%d,
int32_t,readInt32,writeInt32,,,Int,%d,
uint8_t*,"ERROR readByteArray
",ERROR writeByteArray,,,String,%p,
uint16_t,readInt32,writeInt32,,,Uint,%d,
int16_t,readInt32,writeInt32,,,Int,%d,
uint8_t,readInt32,writeInt32,,,Uint,%d,
int8_t,readInt32,writeInt32,,,Int,%d,
float,readFloat,writeFloat,,,Float,%f,
double,readDouble,writeDouble,,,Float,%f,
error_t,readInt32,writeInt32,,,Int,%d,
etc,readetc,writeetc,,,Etc,%s,
std::string,readCString,writeCString,
android::sp<Buffer>,readBuffer,writeBuffer,,,android::sp<mindroid::String>,
OBCResponseEventInfo,writeToParcel,readFromParcel,
OBCUDSResInfo,writeToParcel,readFromParcel,
OBCCanInfo,writeToParcel,readFromParcel,
OBCConnectInfo,writeToParcel,readFromParcel,




# this is comments.  (1_excel.pl ignores this row as comments when starts with #.),
#set_color(lightgreen),white,lightgreen,lightgreen,lightgreen,lightgreen,lightgreen,lightgreen,lightgreen,lightgreen,lightgreen,lightgreen,
[HEADER]Related_Manager,VALUE,usingName,InterfaceService,SERV_NAME,libraryName,receiverHeader,serviceHeader,serviceTypeHeader,dataHeader,sampleCode,
antenna,X,Antenna,IAntennaManagerService,ANTENNA_SRV_NAME,#NAME?,IAntennaReceiver.h,IAntennaManagerService.h,,,"class AntennaChanged : public RefBase, public BnAntennaReceiver

----

AntennaManager& antenna_manager = AntennaManager::getInstance()

android::sp<IAntennaReceiver> receiver = new AntennaChanged();

antenna_manager.registerAntennaDTCReceiver(receiver);",
audio,X,Audio,IAudioManagerService,AUDIO_SRV_NAME,#NAME?,,IAudioManagerService.h,IAudioManagerServiceType.h,,"class AudioReceiver : public BnAudioManagerReceiver

----

mAudioManager = AudioManager::instance();

mAudioReceiver = new AudioReceiver(*this);
mAudioManager->registerReceiver(0x1111, mAudioReceiver);",X,
diag,X,Diag,IDiagManagerService,DIAG_SRV_NAME,#NAME?,,IDiagManagerService.h,IDiagManagerServiceType.h,,"class DiagReceiver : public BnDiagManagerReceiver

----

mDiagManager = DiagManager::instance();

mDiagMgrReceiver = new DiagReceiver(*this);

mDiagManager->registerReceiver(0x1111, mDiagMgrReceiver);",X,
hmi,X,HMI,IHMIManagerService,HMI_SRV_NAME,#NAME?,IHMIEventReceiver.h,IHMIManagerService.h,IHMIManagerServiceType.h,,"mHMIManager = HMIManager::instance();

mHMIMgrReceiver = new HMIReceiver(*this);
mHMIManager->registerReceiver(0x1111, mHMIMgrReceiver);",X,
locmgr,X,Location,ILocationManagerService,LOCATION_SRV_NAME,#NAME?,ILocationReceiver.h,ILocationManagerService.h,ILocationManagerServiceType.h,LocationData.h,"class LocReceiver : public BnLocationReceiver

----

m_locationService = interface_cast<ILocationManagerService> (defaultServiceManager()->getService(String16(LOCATION_SRV_NAME)));

mLocReceiver = new LocReceiver(*this);

m_locationService->registerReceiver(mLocReceiver);",X,,#(red) location is not working,
power,X,Power,IPowerManagerService,POWER_SRV_NAME,#NAME?,,PowerManager.h,,,"class PowerStateReceiver : public BnPowerStateReceiver

----

mPowerManager = PowerManager::instance();

receiver = new PowerStateReceiver();

int32_t mask = MASK_FOR_ALL_NOTI;

mPowerManager->registerPowerStateReceiver(receiver, mask, false );",
vif,X,vif,IvifManagerService,VIF_SRV_NAME,#NAME?,IvifManagerReceiver.h,IvifManagerService.h,,,"class VifReceiver: public BnvifManagerReceiver    (@ vifManager.h)

class vifHandler : public sl::Handler   ( by User )

----

mHandler = new vifHandler(*this);

mMyvifRec = new VifReceiver(mHandler);

mMyvifMgr = new vifManager(mMyvifRec);

mMyvifMgr->registerReceiver_sync(SIGNAL_INTERNAL_BOOT_COMPLETED);
mMyvifMgr->registerReceiver_sync(SIGNAL_INTERNAL_SLEEP_MICOM_TO_MDM);",
alarm,X,alarm,IAlarmManagerService,ALARM_SRV_NAME,#NAME?,,AlarmManager.h,,,"class AlarmHandler : public sl::Handler

class myAlarmListenser : public AlarmListener

----

mHandler = new AlarmHandler(*this);

mAlarmmListen = new myAlarmListenser(mHandler,this);
mAlarmmgr = new AlarmManager(mAlarmmListen);
mAlarmmgr->setAlarmFromNow(1000,0x01);",,,# alarm will be changed to TIDL,
audioio,X,audioio,IAudioioManagerService,AUDIOIO_SRV_NAME,#NAME?,,AudioioManager.h,,,"class AudioioReceiver : public BnAudioioManagerReceiver

----

mAudioioMgrService = AudioioManager::instance();

mAudioioMgrReceiver = new AudioioReceiver(*this);
mAudioioMgrService->registerReceiver(0x1111, mAudioioMgrReceiver);",
audiorouter,X,audiorouter,IAudioRouterManagerService,AUDIOROUTER_SRV_NAME,#NAME?,,AudioRouterManager.h,,,"class AudioRouterReceiver : public BnAudioRouterManagerReceiver

----

mAudioRouterManager = AudioRouterManager::instance();

mAudioRouterReceiver = new AudioRouterReceiver(*this);
mAudioRouterManager->registerReceiver(0x1111, mAudioRouterReceiver);",
config,X,Config,IConfigurationManagerService,CONFIGURATION_SRV_NAME,#NAME?,,ConfigManager.h,,,"class ConfigurationManagerReceiver : public BnConfigurationManagerReceiver

----

std::string ConfigDataList[] = { ""RmtImmobi"", ""RmtConf"",  . . . };

mConfigManager = ConfigManager::instance();

mConfigManagerReceiver = new ConfigurationManagerReceiver(*this);

for(auto name : ConfigDataList)
{

    mConfigManager->registerReceiver (configmgr::OEM_CONFIG_FILE, name.c_str(), mConfigManagerReceiver);

}",
ecall,X,Ecall,IECALLManagerService,ECALL_SRV_NAME,#NAME?,,ECALLManager.h,,,"mECALLManager = ECALLManager::instance();

mECALLMgrReceiver = new ECALLReceiver(*this);

mECALLManager->registerReceiver(0x1111, mECALLMgrReceiver);",
filesys,X,Filesys,IFilesysManagerService,FILESYS_SRV_NAME,#NAME?,,FilesysManager.h,,,"mFilesysManager = FilesysManager::instance();

mFilesysMgrReceiver = new FilesysReceiver(*this);
mFilesysManager->registerReceiver(0x1111, mFilesysMgrReceiver);",
health,X,Health,IHealthManagerService,HEALTH_SRV_NAME,#NAME?,,HealthManager.h,,,"mHealthManager = new HealthManager(nullptr);

// mHealthManager->registerReceiver();",
packetaudio,X,PacketAudio,IPacketAudioManagerService,PACKETAUDIO_SRV_NAME,#NAME?,,PacketAudioManager.h,,,"mPacketAudioManager = PacketAudioManager::instance();

mPacketAudioMgrReceiver = new PacketAudioReceiver(*this);

mPacketAudioManager->registerReceiver(0x1111, mPacketAudioMgrReceiver);",
progmgr,X,Prog,IProgManagerService,PROG_SRV_NAME,#NAME?,,ProgManager.h,,,"mProgManager  = ProgManager::instance();

mProgMgrReceiver = new ProgMgrReceiver(*this);
mProgManager ->attachReceiver(0x1111, mProgMgrReceiver);",
route,X,Route,INetIFMgrService,ROUTING_SRV_NAME,#NAME?,,RoutingManager.h,,,"RoutingManager& route_manager = RoutingManager::getInstance();



// route_manager. setInterfaceInfo ( . . . )",,,#(red) route does not support receiver (callback),
telephony,X,Telephony,,,,,,,,,,,# (red) telephony is not working. Need LGSI works to support this. ,
time,X,Time,ITimeManagerService,TIME_SRV_NAME,#NAME?,,TimeManager.h,,,"class TimeReceiver : public RefBase, public BnTimeChangedReceiver

----

TimeManager& time_manager = TimeManager::getInstance()

android::sp<ITimeChangedReceiver> time_receiver = new TimeReceiver();

time_manager. registerTimeChangedReceiver (time_receiver);",
updateagent,X,UpdateAgent, IUpdateAgentManagerService,UPDATEAGENT_SRV_NAME,#NAME?,,UpdateAgentManager.h,,,"mUpdateAgentManager = UpdateAgentManager::instance();

mUpdateAgentReceiver = new UpdateAgentReceiver(*this);

mUpdateAgentManager->attachReceiver(0x1111, mUpdateAgentReceiver);",
ethmgr,X,




#===== END of No TIDL Manager ======,
